Top queries,Clicks,Impressions,CTR,Position
egreet,454,866,52.42%,2.24
egreet.in,69,75,92%,1.03
egreet.in bouquet,24,27,88.89%,1.48
e greet,9,46,19.57%,7.76
egreet bouquet,3,7,42.86%,5.86
greeting card maker,2,49,4.08%,30.29
create greeting card,1,1,100%,84
online thank you card maker,0,32,0%,77.72
personalized birthday cards,0,13,0%,97.85
online greeting card maker,0,9,0%,72.67
make a beautiful card,0,8,0%,8.62
beautiful greeting card,0,5,0%,52.6
greeting cards maker,0,4,0%,71
christmas card maker,0,4,0%,77.75
free ecard maker,0,4,0%,88.75
cardcraft,0,2,0%,5.5
youcustomizeit,0,2,0%,18
greeting cards online,0,2,0%,56
e card online free,0,2,0%,78.5
greeting card maker online,0,2,0%,91
egreet in,0,1,0%,1
online greetings card maker,0,1,0%,7
beautiful cards,0,1,0%,10
greetings card maker,0,1,0%,10
word starting p,0,1,0%,16
congratulations card maker,0,1,0%,28
freeware greeting card maker,0,1,0%,29
beautiful online cards,0,1,0%,37
free ecard creator online,0,1,0%,41
xmas card creator,0,1,0%,44
free online ecard maker,0,1,0%,54
make free ecards online,0,1,0%,67
birthday wishes online,0,1,0%,68
cardmaking tutorials,0,1,0%,70
free greeting cards,0,1,0%,83
free greeting card maker,0,1,0%,84
online ecard maker,0,1,0%,84
thank you card creator,0,1,0%,84
greeting card online,0,1,0%,86
birthday greeting cards personalized,0,1,0%,87
chrysanthemum and peony,0,1,0%,87
create anniversary card,0,1,0%,87
personalized birthday wishes,0,1,0%,88
free ecards online,0,1,0%,90
free greeting cards online,0,1,0%,91
create ecard free,0,1,0%,93
create greeting card online,0,1,0%,96
free greetings card maker,0,1,0%,96
free ecard maker online,0,1,0%,97
online greeting cards maker,0,1,0%,100